epoch,learning_rate,step,train_loss_epoch,train_loss_step,val_loss
0,,49,,0.541445255279541,
0,,99,,0.12723727524280548,
0,,149,,0.30980855226516724,
0,,199,,0.050372663885354996,
0,,249,,0.09998836368322372,
0,,299,,0.359874963760376,
0,,349,,0.4879535436630249,
0,,399,,0.17388145625591278,
0,,449,,0.09255480021238327,
0,,499,,0.2929927110671997,
0,,549,,0.11147583276033401,
0,,599,,0.326630175113678,
0,,649,,0.09268265962600708,
0,,699,,0.06409086287021637,
0,,749,,0.09178534150123596,
0,,799,,0.17487426102161407,
0,,849,,0.6308821439743042,
0,,899,,0.07766017317771912,
0,,949,,0.23583757877349854,
0,,999,,0.20087316632270813,
0,,1049,,0.11840037256479263,
0,,1099,,0.07130400091409683,
0,,1149,,0.05777468532323837,
0,,1199,,0.06049693003296852,
0,,1249,,0.27541080117225647,
0,,1299,,0.05491054803133011,
0,,1349,,0.11066101491451263,
0,,1399,,0.11261577159166336,
0,,1449,,0.07007710635662079,
0,,1499,,0.4030248820781708,
0,,1549,,0.05413661152124405,
0,,1599,,0.07949670404195786,
0,,1649,,1.2156028747558594,
0,,1699,,0.13591697812080383,
0,,1749,,0.05048172548413277,
0,,1799,,0.07414738088846207,
0,,1849,,0.10195903480052948,
0,,1899,,0.18890969455242157,
0,,1949,,0.0716000348329544,
0,,1999,,0.06111356243491173,
0,,2049,,0.056926194578409195,
0,,2099,,0.06585430353879929,
0,,2149,,0.08935453742742538,
0,,2199,,0.116218701004982,
0,,2249,,0.07100103050470352,
0,,2299,,0.08171839267015457,
0,,2349,,0.0655888095498085,
0,,2399,,0.054784733802080154,
0,,2449,,0.06464645266532898,
0,,2499,,0.06705696135759354,
0,,2549,,0.06251467019319534,
0,,2599,,0.07409198582172394,
0,,2649,,0.06895691901445389,
0,,2699,,0.05016481876373291,
0,,2749,,0.05235283076763153,
0,,2799,,0.06316177546977997,
0,,2849,,0.07113569229841232,
0,,2899,,0.0656488835811615,
0,,2949,,0.051106180995702744,
0,,2999,,0.051793210208415985,
0,,3049,,0.06293125450611115,
0,,3099,,0.058576371520757675,
0,,3149,,0.06596975773572922,
0,,3199,,0.07241924852132797,
0,,3249,,0.053462617099285126,
0,,3299,,0.04918210580945015,
0,,3349,,0.05122995749115944,
0,,3399,,0.05041572079062462,
0,,3449,,0.07485473901033401,
0,,3499,,0.04834049567580223,
0,,3549,,0.06346368789672852,
0,,3599,,0.05057530850172043,
0,,3649,,0.06937558948993683,
0,,3699,,0.08180643618106842,
0,,3749,,0.03924277797341347,
0,,3799,,0.04516051709651947,
0,,3849,,0.05049477890133858,
0,,3899,,0.05887068808078766,
0,,3949,,0.04992426559329033,
0,,3999,,0.05572466552257538,
0,,4049,,0.05441022664308548,
0,,4099,,0.04901864007115364,
0,,4149,,0.05712876096367836,
0,,4199,,0.0778064951300621,
0,,4249,,0.053662266582250595,
0,,4299,,0.05703194439411163,
0,,4349,,0.04922851547598839,
0,,4399,,0.049947358667850494,
0,,4449,,0.05326598510146141,
0,,4499,,0.06023953855037689,
0,,4549,,0.056829169392585754,
0,,4599,,0.04436444863677025,
0,,4649,,0.05866730585694313,
0,,4699,,0.06751494854688644,
0,,4749,,0.05883905664086342,
0,,4799,,0.05144001170992851,
0,,4849,,0.05760882794857025,
0,,4899,,0.04774550721049309,
0,,4949,,0.055992789566516876,
0,,4999,,0.04982917755842209,
0,,5049,,0.055301323533058167,
0,,5099,,0.05049457401037216,
0,,5149,,0.0460934080183506,
0,,5199,,0.043774742633104324,
0,,5249,,0.06724411249160767,
0,,5299,,0.08333294838666916,
0,,5349,,0.040520306676626205,
0,,5399,,0.056704793125391006,
0,,5449,,0.05876317247748375,
0,,5499,,0.05780110880732536,
0,,5549,,0.06544307619333267,
0,,5599,,0.05952315405011177,
0,,5649,,0.04270324856042862,
0,,5699,,0.05592404678463936,
0,,5749,,0.04440062493085861,
0,,5799,,0.05622512102127075,
0,,5849,,0.043487630784511566,
0,,5899,,0.07858520746231079,
0,,5949,,0.048350319266319275,
0,,5999,,0.18790575861930847,
0,,6049,,0.18837837874889374,
0,,6099,,0.12694431841373444,
0,,6149,,0.06220509111881256,
0,,6199,,0.05007815733551979,
0,,6249,,0.0570514053106308,
0,,6299,,0.050929415971040726,
0,,6349,,0.1171170249581337,
0,,6399,,0.04681959003210068,
0,,6449,,0.047790396958589554,
0,,6499,,0.04467631131410599,
0,,6549,,0.040517657995224,
0,,6599,,0.04789894074201584,
0,,6649,,0.04850313439965248,
0,,6699,,0.054154641926288605,
0,,6749,,0.04719485342502594,
0,,6799,,0.047969672828912735,
0,,6849,,0.04550357535481453,
0,,6899,,0.04749505966901779,
0,,6949,,0.045866578817367554,
0,,6999,,0.052183035761117935,
0,,7049,,0.04376153275370598,
0,,7099,,0.0401083379983902,
0,,7149,,0.046177938580513,
0,,7199,,0.06738332659006119,
0,,7249,,0.08160055428743362,
0,,7299,,0.059954822063446045,
0,,7349,,0.08145173639059067,
0,,7399,,0.048733051866292953,
0,,7449,,0.037621691823005676,
0,,7499,,0.049343883991241455,
0,,7549,,0.04499707743525505,
0,,7599,,0.146760493516922,
0,,7649,,0.116131991147995,
0,,7699,,0.04730089008808136,
0,,7749,,0.04169241711497307,
0,,7799,,0.08008082956075668,
0,,7849,,0.05310407280921936,
0,,7899,,0.05282656475901604,
0,,7949,,0.047827817499637604,
0,,7999,,0.0448974072933197,
0,,8049,,0.04132692515850067,
0,,8099,,0.10591147840023041,
0,,8149,,0.06286654621362686,
0,,8199,,0.04327178746461868,
0,,8249,,0.04897496476769447,
0,,8299,,0.056124184280633926,
0,,8320,,,0.07076060771942139
0,0.0009999676840379834,8320,0.10031168162822723,,
1,,8349,,0.06407345086336136,
1,,8399,,0.04149014130234718,
1,,8449,,0.04753885045647621,
1,,8499,,0.0572097972035408,
1,,8549,,0.05707954615354538,
1,,8599,,0.04587024450302124,
1,,8649,,0.06079889461398125,
1,,8699,,0.0768095925450325,
1,,8749,,0.046550244092941284,
1,,8799,,0.050380777567625046,
1,,8849,,0.047005318105220795,
1,,8899,,0.05298352241516113,
1,,8949,,0.04270521178841591,
1,,8999,,0.05088037624955177,
1,,9049,,0.04395022243261337,
1,,9099,,0.04757799208164215,
1,,9149,,0.057764582335948944,
1,,9199,,0.04059058055281639,
1,,9249,,0.05782896652817726,
1,,9299,,0.04405989125370979,
1,,9349,,0.04790167137980461,
1,,9399,,0.05559181421995163,
1,,9449,,0.04713902994990349,
1,,9499,,0.06500344723463058,
1,,9549,,0.04984327033162117,
1,,9599,,0.06784361600875854,
1,,9649,,0.044410668313503265,
1,,9699,,0.044518932700157166,
1,,9749,,0.07991741597652435,
1,,9799,,0.04632538929581642,
1,,9849,,0.046624209731817245,
1,,9899,,0.05090557783842087,
1,,9949,,0.06793111562728882,
1,,9999,,0.07205072045326233,
1,,10049,,0.055042997002601624,
1,,10099,,0.04177185520529747,
1,,10149,,0.04600895568728447,
1,,10199,,0.07062608748674393,
1,,10249,,0.04657769203186035,
1,,10299,,0.04980119317770004,
1,,10349,,0.046688515692949295,
1,,10399,,0.044785354286432266,
1,,10449,,0.05157038941979408,
1,,10499,,0.04260685667395592,
1,,10549,,0.040641505271196365,
1,,10599,,0.037836719304323196,
1,,10649,,0.04169732704758644,
1,,10699,,0.047886889427900314,
1,,10749,,0.044953398406505585,
1,,10799,,0.04195603355765343,
1,,10849,,0.03876040503382683,
1,,10899,,0.047709833830595016,
1,,10949,,0.1682196408510208,
1,,10999,,0.04203972592949867,
1,,11049,,0.04559992253780365,
1,,11099,,0.05566656216979027,
1,,11149,,0.047083545476198196,
1,,11199,,0.04389277100563049,
1,,11249,,0.1444372683763504,
1,,11299,,0.058952540159225464,
1,,11349,,0.05764742195606232,
1,,11399,,0.06552999466657639,
1,,11449,,0.04386468976736069,
1,,11499,,0.04654547944664955,
1,,11549,,0.043096378445625305,
1,,11599,,0.052454039454460144,
1,,11649,,0.0477585531771183,
1,,11699,,0.060369569808244705,
1,,11749,,0.038915619254112244,
1,,11799,,0.05479269474744797,
1,,11849,,0.046095386147499084,
1,,11899,,0.05557848513126373,
1,,11949,,0.055125266313552856,
1,,11999,,0.044670745730400085,
1,,12049,,0.0449163019657135,
1,,12099,,0.038192495703697205,
1,,12149,,0.03706320747733116,
1,,12199,,0.040931738913059235,
1,,12249,,0.04106561467051506,
1,,12299,,0.07017239928245544,
1,,12349,,0.09548671543598175,
1,,12399,,0.04946146905422211,
1,,12449,,0.03990171477198601,
1,,12499,,0.05554918199777603,
1,,12549,,0.06603777408599854,
1,,12599,,0.03909826651215553,
1,,12649,,0.041517190635204315,
1,,12699,,0.05397286266088486,
1,,12749,,0.04638409987092018,
1,,12799,,0.05048184096813202,
1,,12849,,0.060632459819316864,
1,,12899,,0.07246818393468857,
1,,12949,,0.06092585623264313,
1,,12999,,0.041493386030197144,
1,,13049,,0.04004596546292305,
1,,13099,,0.047193825244903564,
1,,13149,,0.037928108125925064,
1,,13199,,0.04995649680495262,
1,,13249,,0.04467920586466789,
1,,13299,,0.05566981062293053,
1,,13349,,0.03927594795823097,
1,,13399,,0.06777313351631165,
1,,13449,,0.11743572354316711,
1,,13499,,0.05582505837082863,
1,,13549,,0.041126471012830734,
1,,13599,,0.0399429053068161,
1,,13649,,0.04028664901852608,
1,,13699,,0.057515982538461685,
1,,13749,,0.04105396941304207,
1,,13799,,0.042113255709409714,
1,,13849,,0.04584613814949989,
1,,13899,,0.04008934274315834,
1,,13949,,0.03763473033905029,
1,,13999,,0.044161248952150345,
1,,14049,,0.053230516612529755,
1,,14099,,0.056928448379039764,
1,,14149,,0.05015711486339569,
1,,14199,,0.03745749592781067,
1,,14249,,0.055858712643384933,
1,,14299,,0.04844173416495323,
1,,14349,,0.047542374581098557,
1,,14399,,0.04143500700592995,
1,,14449,,0.05331481620669365,
1,,14499,,0.042357053607702255,
1,,14549,,0.04938554763793945,
1,,14599,,0.045365557074546814,
1,,14649,,0.045349881052970886,
1,,14699,,0.040706802159547806,
1,,14749,,0.042481679469347,
1,,14799,,0.053648918867111206,
1,,14849,,0.039540838450193405,
1,,14899,,0.06130069121718407,
1,,14949,,0.0488794781267643,
1,,14999,,0.05549609661102295,
1,,15049,,0.05510081350803375,
1,,15099,,0.05290145426988602,
1,,15149,,0.061117082834243774,
1,,15199,,0.045835915952920914,
1,,15249,,0.03396318480372429,
1,,15299,,0.04296986758708954,
1,,15349,,0.04168787971138954,
1,,15399,,0.05237504467368126,
1,,15449,,0.046894852072000504,
1,,15499,,0.04959675669670105,
1,,15549,,0.04886431246995926,
1,,15599,,0.05606033280491829,
1,,15649,,0.05824950337409973,
1,,15699,,0.04614006727933884,
1,,15749,,0.04278004169464111,
1,,15799,,0.04491732269525528,
1,,15849,,0.04772704839706421,
1,,15899,,0.05098060518503189,
1,,15949,,0.03849726915359497,
1,,15999,,0.05400494486093521,
1,,16049,,0.06395477801561356,
1,,16099,,0.0411207340657711,
1,,16149,,0.04238002747297287,
1,,16199,,0.04805822670459747,
1,,16249,,0.06450437754392624,
1,,16299,,0.04812927916646004,
1,,16349,,0.24502414464950562,
1,,16399,,0.13152387738227844,
1,,16449,,0.044782958924770355,
1,,16499,,0.04693549498915672,
1,,16549,,0.04522155970335007,
1,,16599,,0.04904058203101158,
1,,16641,,,0.05210070684552193
1,0.0009999676840379834,16641,0.05357198044657707,,
2,,16649,,0.05212759971618652,
2,,16699,,0.04582405835390091,
2,,16749,,0.04501611366868019,
2,,16799,,0.04497988894581795,
2,,16849,,0.04711054638028145,
2,,16899,,0.04371187835931778,
2,,16949,,0.038724660873413086,
2,,16999,,0.0438728891313076,
2,,17049,,0.0532282292842865,
2,,17099,,0.04017392918467522,
2,,17149,,0.04656842723488808,
2,,17199,,0.04842793196439743,
2,,17249,,0.04874642938375473,
2,,17299,,0.036333117634058,
2,,17349,,0.05203346163034439,
2,,17399,,0.048432182520627975,
2,,17449,,0.04191320762038231,
2,,17499,,0.044451113790273666,
2,,17549,,0.04824361950159073,
2,,17599,,0.041226956993341446,
2,,17649,,0.03965026140213013,
2,,17699,,0.04029139131307602,
2,,17749,,0.048730649054050446,
2,,17799,,0.04067523777484894,
2,,17849,,0.03923381119966507,
2,,17899,,0.045091498643159866,
2,,17949,,0.03685074672102928,
2,,17999,,0.03668415546417236,
2,,18049,,0.05379604175686836,
2,,18099,,0.04263724759221077,
2,,18149,,0.056106988340616226,
2,,18199,,0.04843368008732796,
2,,18249,,0.0436280257999897,
2,,18299,,0.046657972037792206,
2,,18349,,0.09524795413017273,
2,,18399,,0.07015196233987808,
2,,18449,,0.04454675689339638,
2,,18499,,0.043225813657045364,
2,,18549,,0.03874353691935539,
2,,18599,,0.03630557283759117,
2,,18649,,0.0500621497631073,
2,,18699,,0.04067755863070488,
2,,18749,,0.051950763911008835,
2,,18799,,0.041389066725969315,
2,,18849,,0.043256837874650955,
2,,18899,,0.04734591022133827,
2,,18949,,0.04829057678580284,
2,,18999,,0.04990284517407417,
2,,19049,,0.07335793972015381,
2,,19099,,0.046928953379392624,
2,,19149,,0.04552672803401947,
2,,19199,,0.05359668657183647,
2,,19249,,0.04817165061831474,
2,,19299,,0.043649766594171524,
2,,19349,,0.03472399339079857,
2,,19399,,0.0393744595348835,
2,,19449,,0.04930858686566353,
2,,19499,,0.045069172978401184,
2,,19549,,0.05224001407623291,
2,,19599,,0.04157634824514389,
2,,19649,,0.06279750168323517,
2,,19699,,0.05000973865389824,
2,,19749,,0.057995278388261795,
2,,19799,,0.04479651525616646,
2,,19849,,0.05206724628806114,
2,,19899,,0.04282001033425331,
2,,19949,,0.08724354207515717,
2,,19999,,0.03679916262626648,
2,,20049,,0.047784965485334396,
2,,20099,,0.04565299674868584,
2,,20149,,0.059802792966365814,
2,,20199,,0.049047306180000305,
2,,20249,,0.03916728496551514,
2,,20299,,0.04317282885313034,
2,,20349,,0.04296550899744034,
2,,20399,,0.04231995716691017,
2,,20449,,0.04646284133195877,
2,,20499,,0.041513603180646896,
2,,20549,,0.04372158646583557,
2,,20599,,0.040847375988960266,
2,,20649,,0.0405312180519104,
2,,20699,,0.03687823563814163,
2,,20749,,0.053507886826992035,
2,,20799,,0.04450849071145058,
2,,20849,,0.07812830805778503,
2,,20899,,0.05483856797218323,
2,,20949,,0.0634395107626915,
2,,20999,,0.04338274151086807,
2,,21049,,0.04735948145389557,
2,,21099,,0.040132682770490646,
2,,21149,,0.057851046323776245,
2,,21199,,0.04581325128674507,
2,,21249,,0.04740593954920769,
2,,21299,,0.0444677397608757,
2,,21349,,0.04879961907863617,
2,,21399,,0.05362113192677498,
2,,21449,,0.03981250524520874,
2,,21499,,0.04482673108577728,
2,,21549,,0.05589461699128151,
2,,21599,,0.05197880044579506,
2,,21649,,0.048267800360918045,
2,,21699,,0.04017903655767441,
2,,21749,,0.03795040398836136,
2,,21799,,0.04778501018881798,
2,,21849,,0.04016340523958206,
2,,21899,,0.03915398567914963,
2,,21949,,0.048282478004693985,
2,,21999,,0.04426009580492973,
2,,22049,,0.04242321476340294,
2,,22099,,0.049414679408073425,
2,,22149,,0.04852364584803581,
2,,22199,,0.04144240915775299,
2,,22249,,0.04045666381716728,
2,,22299,,0.05277149751782417,
2,,22349,,0.04540305957198143,
2,,22399,,0.043319057673215866,
2,,22449,,0.046820297837257385,
2,,22499,,0.043260812759399414,
2,,22549,,0.03798364847898483,
2,,22599,,0.053047459572553635,
2,,22649,,0.04741068184375763,
2,,22699,,0.04861767590045929,
2,,22749,,0.04134644567966461,
2,,22799,,0.050913821905851364,
2,,22849,,0.03727573901414871,
2,,22899,,0.04072895646095276,
2,,22949,,0.044158078730106354,
2,,22999,,0.060859210789203644,
2,,23049,,0.03980362042784691,
2,,23099,,0.040009863674640656,
2,,23149,,0.04562828689813614,
2,,23199,,0.04475228860974312,
2,,23249,,0.04315340891480446,
2,,23299,,0.09657824039459229,
2,,23349,,0.08134046941995621,
2,,23399,,0.05327768996357918,
2,,23449,,0.04457557946443558,
2,,23499,,0.05385429039597511,
2,,23549,,0.04873817041516304,
2,,23599,,0.03956684097647667,
2,,23649,,0.05805383622646332,
2,,23699,,0.04531914368271828,
2,,23749,,0.05461985617876053,
2,,23799,,0.05139869824051857,
2,,23849,,0.04714471846818924,
2,,23899,,0.04496254399418831,
2,,23949,,0.04014361649751663,
2,,23999,,0.04220135509967804,
2,,24049,,0.04504453018307686,
2,,24099,,0.040683407336473465,
2,,24149,,0.048569172620773315,
2,,24199,,0.04286465421319008,
2,,24249,,0.04571329429745674,
2,,24299,,0.06097378581762314,
2,,24349,,0.041509199887514114,
2,,24399,,0.03712381049990654,
2,,24449,,0.045165203511714935,
2,,24499,,0.043895721435546875,
2,,24549,,0.043628618121147156,
2,,24599,,0.05007346719503403,
2,,24649,,0.08760941028594971,
2,,24699,,0.03733834624290466,
2,,24749,,0.033051639795303345,
2,,24799,,0.0681985542178154,
2,,24849,,0.05491442233324051,
2,,24899,,0.0509636290371418,
2,,24949,,0.042540982365608215,
2,,24962,,,0.06943986564874649
2,0.0009999676840379834,24962,0.04851992055773735,,
3,,24999,,0.04217037186026573,
3,,25049,,0.047609612345695496,
3,,25099,,0.050976622849702835,
3,,25149,,0.040931183844804764,
3,,25199,,0.0404941588640213,
3,,25249,,0.04750628024339676,
3,,25299,,0.04493354260921478,
3,,25349,,0.044362954795360565,
3,,25399,,0.05513456091284752,
3,,25449,,0.045365143567323685,
3,,25499,,0.04762857034802437,
3,,25549,,0.054790835827589035,
3,,25599,,0.06395214796066284,
3,,25649,,0.05460282415151596,
3,,25699,,0.04103030636906624,
3,,25749,,0.04365875944495201,
3,,25799,,0.049479205161333084,
3,,25849,,0.04283154383301735,
3,,25899,,0.057111356407403946,
3,,25949,,0.03952249139547348,
3,,25999,,0.044530127197504044,
3,,26049,,0.04156050086021423,
3,,26099,,0.035655003041028976,
3,,26149,,0.04419950023293495,
3,,26199,,0.043786026537418365,
3,,26249,,0.03982626646757126,
3,,26299,,0.04084014892578125,
3,,26349,,0.03893497213721275,
3,,26399,,0.04733327403664589,
3,,26449,,0.04670706391334534,
3,,26499,,0.04535558074712753,
3,,26549,,0.04326050356030464,
3,,26599,,0.03878551721572876,
3,,26649,,0.04259619489312172,
3,,26699,,0.05068402737379074,
3,,26749,,0.04618581384420395,
3,,26799,,0.054390739649534225,
3,,26849,,0.04151855409145355,
3,,26899,,0.042093634605407715,
3,,26949,,0.03772153705358505,
3,,26999,,0.037820763885974884,
3,,27049,,0.06246224418282509,
3,,27099,,0.041018739342689514,
3,,27149,,0.053183794021606445,
3,,27199,,0.039246078580617905,
3,,27249,,0.03714375197887421,
3,,27299,,0.035354260355234146,
3,,27349,,0.04938231781125069,
3,,27399,,0.03727639839053154,
3,,27449,,0.033166613429784775,
3,,27499,,0.04472964257001877,
3,,27549,,0.05917873606085777,
3,,27599,,0.0469476692378521,
3,,27649,,0.05784478411078453,
3,,27699,,0.0389895886182785,
3,,27749,,0.042942147701978683,
3,,27799,,0.0490233413875103,
3,,27849,,0.043858956545591354,
3,,27899,,0.04769979789853096,
3,,27949,,0.0392598956823349,
3,,27999,,0.039242129772901535,
3,,28049,,0.03768391162157059,
3,,28099,,0.04263608157634735,
3,,28149,,0.04952389374375343,
3,,28199,,0.03957613557577133,
3,,28249,,0.03798016160726547,
3,,28299,,0.039049867540597916,
3,,28349,,0.04088747873902321,
3,,28399,,0.04331068694591522,
3,,28449,,0.04645083099603653,
3,,28499,,0.0514710508286953,
3,,28549,,0.03531760722398758,
3,,28599,,0.08052659779787064,
3,,28649,,0.0541132353246212,
3,,28699,,0.0474366657435894,
3,,28749,,0.0470496229827404,
3,,28799,,0.048153456300497055,
3,,28849,,0.045946478843688965,
3,,28899,,0.05274725705385208,
3,,28949,,0.0488392673432827,
3,,28999,,0.06410937011241913,
3,,29049,,0.05037785694003105,
3,,29099,,0.04467552900314331,
3,,29149,,0.03821278363466263,
3,,29199,,0.046103786677122116,
3,,29249,,0.043283458799123764,
3,,29299,,0.052620094269514084,
3,,29349,,0.04744037240743637,
3,,29399,,0.04566216468811035,
3,,29449,,0.04357810690999031,
3,,29499,,0.042496077716350555,
3,,29549,,0.03968650847673416,
3,,29599,,0.042664650827646255,
3,,29649,,0.055049650371074677,
3,,29699,,0.042793333530426025,
3,,29749,,0.040532249957323074,
3,,29799,,0.043960388749837875,
3,,29849,,0.043749209493398666,
3,,29899,,0.051306236535310745,
3,,29949,,0.05523557960987091,
3,,29999,,0.05514358729124069,
3,,30049,,0.05677909031510353,
3,,30099,,0.047940321266651154,
3,,30149,,0.05150977894663811,
3,,30199,,0.045975979417562485,
3,,30249,,0.03395428508520126,
3,,30299,,0.03929291293025017,
3,,30349,,0.03782188147306442,
3,,30399,,0.042000118643045425,
3,,30449,,0.04664097726345062,
3,,30499,,0.04261413589119911,
3,,30549,,0.03684503585100174,
3,,30599,,0.0405825674533844,
3,,30649,,0.051271215081214905,
3,,30699,,0.04107064753770828,
3,,30749,,0.03909334912896156,
3,,30799,,0.04629269614815712,
3,,30849,,0.046148885041475296,
3,,30899,,0.044686757028102875,
3,,30949,,0.04193274304270744,
3,,30999,,0.038709841668605804,
3,,31049,,0.03965574502944946,
3,,31099,,0.04359683394432068,
3,,31149,,0.04549155756831169,
3,,31199,,0.05227314308285713,
3,,31249,,0.04079627990722656,
3,,31299,,0.061455678194761276,
3,,31349,,0.04333219677209854,
3,,31399,,0.09249541163444519,
3,,31449,,0.03281402587890625,
3,,31499,,0.05034719407558441,
3,,31549,,0.04903274402022362,
3,,31599,,0.10081329196691513,
3,,31649,,0.05221550539135933,
3,,31699,,0.041308674961328506,
3,,31749,,0.04184164106845856,
3,,31799,,0.04847494140267372,
3,,31849,,0.05247585102915764,
3,,31899,,0.04491014406085014,
3,,31949,,0.04610370099544525,
3,,31999,,0.0464443638920784,
3,,32049,,0.04706807807087898,
3,,32099,,0.04363689571619034,
3,,32149,,0.04571446776390076,
3,,32199,,0.04335810989141464,
3,,32249,,0.040376242250204086,
3,,32299,,0.044365204870700836,
3,,32349,,0.043767668306827545,
3,,32399,,0.05124843120574951,
3,,32449,,0.044249530881643295,
3,,32499,,0.04955453798174858,
3,,32549,,0.046959567815065384,
3,,32599,,0.03964018076658249,
3,,32649,,0.037523165345191956,
3,,32699,,0.04534396156668663,
3,,32749,,0.03550044447183609,
3,,32799,,0.04574436694383621,
3,,32849,,0.04063791409134865,
3,,32899,,0.05307154729962349,
3,,32949,,0.04165390506386757,
3,,32999,,0.03771059587597847,
3,,33049,,0.03661973774433136,
3,,33099,,0.0409410335123539,
3,,33149,,0.03845842927694321,
3,,33199,,0.042268089950084686,
3,,33249,,0.04035002738237381,
3,,33283,,,0.09352419525384903
3,0.0009999676840379834,33283,0.047325558960437775,,
4,,33299,,0.04209711775183678,
4,,33349,,0.04354550689458847,
4,,33399,,0.047894883900880814,
4,,33449,,0.04994899779558182,
4,,33499,,0.044068627059459686,
4,,33549,,0.04158030450344086,
4,,33599,,0.03825240582227707,
4,,33649,,0.04306235536932945,
4,,33699,,0.07196005433797836,
4,,33749,,0.04468699172139168,
4,,33799,,0.0405748076736927,
4,,33849,,0.04498760774731636,
4,,33899,,0.04298724979162216,
4,,33949,,0.04525834694504738,
4,,33999,,0.043783999979496,
4,,34049,,0.04571782052516937,
4,,34099,,0.045066602528095245,
4,,34149,,0.043665170669555664,
4,,34199,,0.04346921294927597,
4,,34249,,0.04669107124209404,
4,,34299,,0.0477730892598629,
4,,34349,,0.04553602635860443,
4,,34399,,0.05069351941347122,
4,,34449,,0.04418370500206947,
4,,34499,,0.040642689913511276,
4,,34549,,0.03896806016564369,
4,,34599,,0.04530087858438492,
4,,34649,,0.07288997620344162,
4,,34699,,0.0579751618206501,
4,,34749,,0.05873705819249153,
4,,34799,,0.06762945652008057,
4,,34849,,0.04903874546289444,
4,,34899,,0.04693654179573059,
4,,34949,,0.041835229843854904,
4,,34999,,0.04036326706409454,
4,,35049,,0.040661778301000595,
4,,35099,,0.052388787269592285,
4,,35149,,0.053745560348033905,
4,,35199,,0.04998793080449104,
4,,35249,,0.0488051176071167,
4,,35299,,0.05820464342832565,
4,,35349,,0.04913032054901123,
4,,35399,,0.042288560420274734,
4,,35449,,0.06264595687389374,
4,,35499,,0.04884565249085426,
4,,35549,,0.04147607833147049,
4,,35599,,0.043795548379421234,
4,,35649,,0.05203121155500412,
4,,35699,,0.0506880022585392,
4,,35749,,0.05169552564620972,
4,,35799,,0.05160745605826378,
4,,35849,,0.040519215166568756,
4,,35899,,0.06701996922492981,
4,,35949,,0.039966776967048645,
4,,35999,,0.04304712265729904,
4,,36049,,0.04026075080037117,
4,,36099,,0.04074936732649803,
4,,36149,,0.05420384183526039,
4,,36199,,0.047502800822257996,
4,,36249,,0.045316148549318314,
4,,36299,,0.06858319789171219,
4,,36349,,0.050938744097948074,
4,,36399,,0.052165549248456955,
4,,36449,,0.040019091218709946,
4,,36499,,0.0424705408513546,
4,,36549,,0.049344900995492935,
4,,36599,,0.051608335226774216,
4,,36649,,0.04691927134990692,
4,,36699,,0.05284133180975914,
4,,36749,,0.051715217530727386,
4,,36799,,0.03676656633615494,
4,,36849,,0.04528217017650604,
4,,36899,,0.03740547597408295,
4,,36949,,0.057696644216775894,
4,,36999,,0.05903018265962601,
4,,37049,,0.03758980706334114,
4,,37099,,0.046290602535009384,
4,,37149,,0.04577811062335968,
4,,37199,,0.054843708872795105,
4,,37249,,0.04032810777425766,
4,,37299,,0.053680889308452606,
4,,37349,,0.05293704569339752,
4,,37399,,0.04810448735952377,
4,,37449,,0.061880551278591156,
4,,37499,,0.05724041908979416,
4,,37549,,0.04541725292801857,
4,,37599,,0.046818848699331284,
4,,37649,,0.03763962537050247,
4,,37699,,0.04593207687139511,
4,,37749,,0.04557468742132187,
4,,37799,,0.03638114780187607,
4,,37849,,0.040950123220682144,
4,,37899,,0.05000581592321396,
4,,37949,,0.04809851199388504,
4,,37999,,0.03451305255293846,
4,,38049,,0.04255422577261925,
4,,38099,,0.0429048091173172,
4,,38149,,0.040118876844644547,
4,,38199,,0.05528819561004639,
4,,38249,,0.03822840750217438,
4,,38299,,0.042058683931827545,
4,,38349,,0.04350297525525093,
4,,38399,,0.05743821710348129,
4,,38449,,0.04158908873796463,
4,,38499,,0.045722946524620056,
4,,38549,,0.04258537292480469,
4,,38599,,0.04255443438887596,
4,,38649,,0.041396453976631165,
4,,38699,,0.04588044807314873,
4,,38749,,0.041176095604896545,
4,,38799,,0.04686955735087395,
4,,38849,,0.05482330173254013,
4,,38899,,0.04586755111813545,
4,,38949,,0.04577301815152168,
4,,38999,,0.07180023938417435,
4,,39049,,0.04856731742620468,
4,,39099,,0.05034767836332321,
4,,39149,,0.039492249488830566,
4,,39199,,0.042230039834976196,
4,,39249,,0.051263682544231415,
4,,39299,,0.03669815883040428,
4,,39349,,0.04109136760234833,
4,,39399,,0.04681258648633957,
4,,39449,,0.04704121872782707,
4,,39499,,0.06463997066020966,
4,,39549,,0.041119832545518875,
4,,39599,,0.03960762545466423,
4,,39649,,0.04256187006831169,
4,,39699,,0.0499277226626873,
4,,39749,,0.047125231474637985,
4,,39799,,0.04012133926153183,
4,,39849,,0.05025894567370415,
4,,39899,,0.06135932728648186,
4,,39949,,0.03833732008934021,
4,,39999,,0.038950223475694656,
4,,40049,,0.05284629762172699,
4,,40099,,0.042278606444597244,
4,,40149,,0.03807378187775612,
4,,40199,,0.04235750809311867,
4,,40249,,0.05339513346552849,
4,,40299,,0.0423450730741024,
4,,40349,,0.03614668920636177,
4,,40399,,0.03985494747757912,
4,,40449,,0.047627612948417664,
4,,40499,,0.04538976028561592,
4,,40549,,0.04298801347613335,
4,,40599,,0.044615816324949265,
4,,40649,,0.038384489715099335,
4,,40699,,0.05875270441174507,
4,,40749,,0.04340163990855217,
4,,40799,,0.045777227729558945,
4,,40849,,0.04027260094881058,
4,,40899,,0.0481012687087059,
4,,40949,,0.05186600610613823,
4,,40999,,0.0436340756714344,
4,,41049,,0.04484677314758301,
4,,41099,,0.03850039094686508,
4,,41149,,0.05648230388760567,
4,,41199,,0.057939060032367706,
4,,41249,,0.04752415046095848,
4,,41299,,0.05566664785146713,
4,,41349,,0.05284562334418297,
4,,41399,,0.041810937225818634,
4,,41449,,0.04984189569950104,
4,,41499,,0.04388454183936119,
4,,41549,,0.04351891577243805,
4,,41599,,0.04359212890267372,
4,,41604,,,0.08815696835517883
4,0.0009999676840379834,41604,0.046145640313625336,,
5,,41649,,0.06102461367845535,
5,,41699,,0.038265202194452286,
5,,41749,,0.03864135965704918,
5,,41799,,0.0451757088303566,
5,,41849,,0.032829392701387405,
5,,41899,,0.03971567377448082,
5,,41949,,0.050258416682481766,
5,,41999,,0.049551982432603836,
5,,42049,,0.05343242734670639,
5,,42099,,0.0478430837392807,
5,,42149,,0.05234496667981148,
5,,42199,,0.040982674807310104,
5,,42249,,0.045710448175668716,
5,,42299,,0.03875542804598808,
5,,42349,,0.04485759139060974,
5,,42399,,0.04696573317050934,
5,,42449,,0.05893835425376892,
5,,42499,,0.03834245353937149,
5,,42549,,0.04337455332279205,
5,,42599,,0.04326638579368591,
5,,42649,,0.04343751072883606,
5,,42699,,0.034989118576049805,
5,,42749,,0.046283572912216187,
5,,42799,,0.03901385888457298,
5,,42849,,0.05826788768172264,
5,,42899,,0.04677214100956917,
5,,42949,,0.04534948989748955,
5,,42999,,0.04053110629320145,
5,,43049,,0.0465049147605896,
5,,43099,,0.04453625902533531,
5,,43149,,0.04625291749835014,
5,,43199,,0.04681903123855591,
5,,43249,,0.049949925392866135,
5,,43299,,0.06660235673189163,
5,,43349,,0.03709113597869873,
5,,43399,,0.04990799352526665,
5,,43449,,0.04695424810051918,
5,,43499,,0.06708567589521408,
5,,43549,,0.04222755879163742,
5,,43599,,0.047625910490751266,
5,,43649,,0.05071812868118286,
5,,43699,,0.041213735938072205,
5,,43749,,0.04179801419377327,
5,,43799,,0.03776046633720398,
5,,43849,,0.04291446879506111,
5,,43899,,0.0363602377474308,
5,,43949,,0.04609870910644531,
5,,43999,,0.03879159688949585,
5,,44049,,0.05206635966897011,
5,,44099,,0.052028022706508636,
5,,44149,,0.03904252499341965,
5,,44199,,0.034830451011657715,
5,,44249,,0.048097603023052216,
5,,44299,,0.03728266432881355,
5,,44349,,0.04314113035798073,
5,,44399,,0.036766692996025085,
5,,44449,,0.03684386610984802,
5,,44499,,0.03891424089670181,
5,,44549,,0.03966035321354866,
5,,44599,,0.06361918151378632,
5,,44649,,0.05030793696641922,
5,,44699,,0.05362263321876526,
5,,44749,,0.04817973077297211,
5,,44799,,0.0417243055999279,
5,,44849,,0.048165448009967804,
5,,44899,,0.04169758781790733,
5,,44949,,0.04169236868619919,
5,,44999,,0.03708473965525627,
5,,45049,,0.03910867124795914,
5,,45099,,0.05010112002491951,
5,,45149,,0.04442914202809334,
5,,45199,,0.04643178731203079,
5,,45249,,0.0410916768014431,
5,,45299,,0.04027616232633591,
5,,45349,,0.0422898605465889,
5,,45399,,0.04499444738030434,
5,,45449,,0.048135772347450256,
5,,45499,,0.037277951836586,
5,,45549,,0.053840238600969315,
5,,45599,,0.03726135194301605,
5,,45649,,0.04259752482175827,
5,,45699,,0.04652111232280731,
5,,45749,,0.053017470985651016,
5,,45799,,0.04522857815027237,
5,,45849,,0.043007560074329376,
5,,45899,,0.038633059710264206,
5,,45949,,0.0516611747443676,
5,,45999,,0.04859576374292374,
5,,46049,,0.03844989463686943,
5,,46099,,0.04172679781913757,
5,,46149,,0.04762184992432594,
5,,46199,,0.04516845941543579,
5,,46249,,0.04576379805803299,
5,,46299,,0.04131251201033592,
5,,46349,,0.04775518923997879,
5,,46399,,0.04156564921140671,
5,,46449,,0.038719382137060165,
5,,46499,,0.044860661029815674,
5,,46549,,0.046271201223134995,
5,,46599,,0.04348357021808624,
5,,46649,,0.04078805446624756,
5,,46699,,0.08865833282470703,
5,,46749,,0.04561155289411545,
5,,46799,,0.043575141578912735,
5,,46849,,0.041976798325777054,
5,,46899,,0.045689262449741364,
5,,46949,,0.10488337278366089,
5,,46999,,0.03873102739453316,
5,,47049,,0.03782970458269119,
5,,47099,,0.05783543735742569,
5,,47149,,0.04376984387636185,
5,,47199,,0.05196591094136238,
5,,47249,,0.034982383251190186,
5,,47299,,0.03407643735408783,
5,,47349,,0.03848256543278694,
5,,47399,,0.04189351946115494,
5,,47449,,0.034948572516441345,
5,,47499,,0.0456380620598793,
5,,47549,,0.04454559087753296,
5,,47599,,0.04700792208313942,
5,,47649,,0.052893515676259995,
5,,47699,,0.04515351727604866,
5,,47749,,0.038390275090932846,
5,,47799,,0.04370792955160141,
5,,47849,,0.04126250743865967,
5,,47899,,0.04173891618847847,
5,,47949,,0.032270800322294235,
5,,47999,,0.039165135473012924,
5,,48049,,0.05288714915513992,
5,,48099,,0.03147769346833229,
5,,48149,,0.057318925857543945,
5,,48199,,0.038202982395887375,
5,,48249,,0.042871709913015366,
5,,48299,,0.0473112016916275,
5,,48349,,0.03634849190711975,
5,,48399,,0.045802291482686996,
5,,48449,,0.04580943286418915,
5,,48499,,0.047512155026197433,
5,,48549,,0.05140365660190582,
5,,48599,,0.042825620621442795,
5,,48649,,0.042722851037979126,
5,,48699,,0.06876417249441147,
5,,48749,,0.03885083645582199,
5,,48799,,0.04374423623085022,
5,,48849,,0.04823002964258194,
5,,48899,,0.04939232021570206,
5,,48949,,0.041456181555986404,
5,,48999,,0.044314898550510406,
5,,49049,,0.04389004409313202,
5,,49099,,0.05063406005501747,
5,,49149,,0.03795173391699791,
5,,49199,,0.04121679440140724,
5,,49249,,0.05654393509030342,
5,,49299,,0.03676903247833252,
5,,49349,,0.038573235273361206,
5,,49399,,0.039227601140737534,
5,,49449,,0.04172638803720474,
5,,49499,,0.04086888208985329,
5,,49549,,0.0431208536028862,
5,,49599,,0.0402376763522625,
5,,49649,,0.06959149241447449,
5,,49699,,0.04291906580328941,
5,,49749,,0.04925753176212311,
5,,49799,,0.047909095883369446,
5,,49849,,0.03744365647435188,
5,,49899,,0.040142353624105453,
5,,49925,,,0.05327964201569557
5,0.0009999676840379834,49925,0.04529885575175285,,
6,,49949,,0.03867847099900246,
6,,49999,,0.04463108256459236,
6,,50049,,0.056146010756492615,
6,,50099,,0.04407736286520958,
6,,50149,,0.04386019706726074,
6,,50199,,0.04061662033200264,
6,,50249,,0.053193677216768265,
6,,50299,,0.08312253654003143,
6,,50349,,0.041318412870168686,
6,,50399,,0.0458315871655941,
6,,50449,,0.03931095451116562,
6,,50499,,0.039550505578517914,
6,,50549,,0.04630643501877785,
6,,50599,,0.04827084019780159,
6,,50649,,0.043696291744709015,
6,,50699,,0.03848370537161827,
6,,50749,,0.039362166076898575,
6,,50799,,0.05305944383144379,
6,,50849,,0.036931656301021576,
6,,50899,,0.043350253254175186,
6,,50949,,0.04115745425224304,
6,,50999,,0.04073513299226761,
6,,51049,,0.04363935813307762,
6,,51099,,0.036328528076410294,
6,,51149,,0.04599062725901604,
6,,51199,,0.04747350886464119,
6,,51249,,0.04074158892035484,
6,,51299,,0.03896297514438629,
6,,51349,,0.03694925829768181,
6,,51399,,0.039968330413103104,
6,,51449,,0.04687678441405296,
6,,51499,,0.03861811384558678,
6,,51549,,0.04014165326952934,
6,,51599,,0.03853707015514374,
6,,51649,,0.03616217151284218,
6,,51699,,0.049907635897397995,
6,,51749,,0.043060049414634705,
6,,51799,,0.038512736558914185,
6,,51849,,0.03478788584470749,
6,,51899,,0.048279669135808945,
6,,51949,,0.0425398126244545,
6,,51999,,0.041531629860401154,
6,,52049,,0.041747234761714935,
6,,52099,,0.04823774844408035,
6,,52149,,0.04032043367624283,
6,,52199,,0.04094703495502472,
6,,52249,,0.03620694577693939,
6,,52299,,0.03867277130484581,
6,,52349,,0.05497223883867264,
6,,52399,,0.041831016540527344,
6,,52449,,0.07574392110109329,
6,,52499,,0.05697938799858093,
6,,52549,,0.06253384053707123,
6,,52599,,0.040699128061532974,
6,,52649,,0.07162930816411972,
6,,52699,,0.12411144375801086,
6,,52749,,0.04126621410250664,
6,,52799,,0.04498869925737381,
6,,52849,,0.03969259932637215,
6,,52899,,0.053503647446632385,
6,,52949,,0.04258659482002258,
6,,52999,,0.04437432065606117,
6,,53049,,0.04216773062944412,
6,,53099,,0.05545569583773613,
6,,53149,,0.04181038960814476,
6,,53199,,0.040428612381219864,
6,,53249,,0.04608232155442238,
6,,53299,,0.0485084243118763,
6,,53349,,0.04009528458118439,
6,,53399,,0.03535311669111252,
6,,53449,,0.051082391291856766,
6,,53499,,0.04251585528254509,
6,,53549,,0.03568706661462784,
6,,53599,,0.038727495819330215,
6,,53649,,0.04082304611802101,
6,,53699,,0.03607134148478508,
6,,53749,,0.04634569585323334,
6,,53799,,0.04664355143904686,
6,,53849,,0.03394646197557449,
6,,53899,,0.038456030189991,
6,,53949,,0.05138716846704483,
6,,53999,,0.05332298204302788,
6,,54049,,0.03951936215162277,
6,,54099,,0.039214249700307846,
6,,54149,,0.07475091516971588,
6,,54199,,0.047511592507362366,
6,,54249,,0.04522302746772766,
6,,54299,,0.03845830634236336,
6,,54349,,0.0381254181265831,
6,,54399,,0.03829548507928848,
6,,54449,,0.04195881262421608,
6,,54499,,0.040168847888708115,
6,,54549,,0.06526544690132141,
6,,54599,,0.03715990111231804,
6,,54649,,0.044701650738716125,
6,,54699,,0.04207993671298027,
6,,54749,,0.038516223430633545,
6,,54799,,0.03778978809714317,
6,,54849,,0.0422910638153553,
6,,54899,,0.04750945419073105,
6,,54949,,0.04482036456465721,
6,,54999,,0.04745684936642647,
6,,55049,,0.05608481913805008,
6,,55099,,0.054433248937129974,
6,,55149,,0.04540295526385307,
6,,55199,,0.04443918913602829,
6,,55249,,0.03483611345291138,
6,,55299,,0.036250267177820206,
6,,55349,,0.03692777082324028,
6,,55399,,0.04730745404958725,
6,,55449,,0.04528201371431351,
6,,55499,,0.042401187121868134,
6,,55549,,0.03749898076057434,
6,,55599,,0.04835957661271095,
6,,55649,,0.050400033593177795,
6,,55699,,0.038007549941539764,
6,,55749,,0.046262357383966446,
6,,55799,,0.03925293684005737,
6,,55849,,0.04106196388602257,
6,,55899,,0.04647761583328247,
6,,55949,,0.03960823640227318,
6,,55999,,0.0379583016037941,
6,,56049,,0.059381742030382156,
6,,56099,,0.04074498265981674,
6,,56149,,0.039000194519758224,
6,,56199,,0.04011658951640129,
6,,56249,,0.0400383286178112,
6,,56299,,0.039602410048246384,
6,,56349,,0.03979269042611122,
6,,56399,,0.04411419853568077,
6,,56449,,0.04272889345884323,
6,,56499,,0.04241601750254631,
6,,56549,,0.04362640529870987,
6,,56599,,0.06112008914351463,
6,,56649,,0.04369337111711502,
6,,56699,,0.0504172220826149,
6,,56749,,0.04162362962961197,
6,,56799,,0.03973417356610298,
6,,56849,,0.040302325040102005,
6,,56899,,0.04792295768857002,
6,,56949,,0.03789901360869408,
6,,56999,,0.04080643877387047,
6,,57049,,0.04988587275147438,
6,,57099,,0.0470314659178257,
6,,57149,,0.0408703088760376,
6,,57199,,0.039322834461927414,
6,,57249,,0.050988949835300446,
6,,57299,,0.04596143588423729,
6,,57349,,0.04195057600736618,
6,,57399,,0.039372920989990234,
6,,57449,,0.05588836595416069,
6,,57499,,0.04614368453621864,
6,,57549,,0.04814574494957924,
6,,57599,,0.0393715538084507,
6,,57649,,0.04016644135117531,
6,,57699,,0.04771725833415985,
6,,57749,,0.05785132572054863,
6,,57799,,0.04008003696799278,
6,,57849,,0.03973553329706192,
6,,57899,,0.04634837061166763,
6,,57949,,0.04216160252690315,
6,,57999,,0.04688766971230507,
6,,58049,,0.048624977469444275,
6,,58099,,0.04027711600065231,
6,,58149,,0.0521414540708065,
6,,58199,,0.04064256325364113,
6,,58246,,,0.07674097269773483
6,0.0009999676840379834,58246,0.044777195900678635,,
7,,58249,,0.04013356193900108,
7,,58299,,0.044798560440540314,
7,,58349,,0.04408225789666176,
7,,58399,,0.04390157014131546,
7,,58449,,0.04958769306540489,
7,,58499,,0.04351380467414856,
7,,58549,,0.06324487924575806,
7,,58599,,0.04867842420935631,
7,,58649,,0.041278671473264694,
7,,58699,,0.04100401699542999,
7,,58749,,0.04585316404700279,
7,,58799,,0.041193485260009766,
7,,58849,,0.040429871529340744,
7,,58899,,0.04110262915492058,
7,,58949,,0.03645986318588257,
7,,58999,,0.04000265523791313,
7,,59049,,0.052649207413196564,
7,,59099,,0.03613591194152832,
7,,59149,,0.0394979752600193,
7,,59199,,0.04173162952065468,
7,,59249,,0.08239483088254929,
7,,59299,,0.054220426827669144,
7,,59349,,0.0359170101583004,
7,,59399,,0.046078309416770935,
7,,59449,,0.03819803521037102,
7,,59499,,0.0415121354162693,
7,,59549,,0.034277211874723434,
7,,59599,,0.04234766215085983,
7,,59649,,0.056280266493558884,
7,,59699,,0.048277392983436584,
7,,59749,,0.045872967690229416,
7,,59799,,0.05661946162581444,
7,,59849,,0.04198085516691208,
7,,59899,,0.039004985243082047,
7,,59949,,0.06980102509260178,
7,,59999,,0.034981291741132736,
7,,60049,,0.03897294029593468,
7,,60099,,0.039166685193777084,
7,,60149,,0.03786164149641991,
7,,60199,,0.04963061958551407,
7,,60249,,0.041562777012586594,
7,,60299,,0.04116348549723625,
7,,60349,,0.054886139929294586,
7,,60399,,0.049028486013412476,
7,,60449,,0.039911359548568726,
7,,60499,,0.058086149394512177,
7,,60549,,0.038127195090055466,
7,,60599,,0.042906131595373154,
7,,60649,,0.05916840210556984,
7,,60699,,0.03900757431983948,
7,,60749,,0.06445049494504929,
7,,60799,,0.03981656953692436,
7,,60849,,0.044979244470596313,
7,,60899,,0.037320561707019806,
7,,60949,,0.05071475729346275,
7,,60999,,0.05404960364103317,
7,,61049,,0.047832246869802475,
7,,61099,,0.038702864199876785,
7,,61149,,0.047598712146282196,
7,,61199,,0.03767663612961769,
7,,61249,,0.039765436202287674,
7,,61299,,0.05253133922815323,
7,,61349,,0.035324037075042725,
7,,61399,,0.04089227318763733,
7,,61449,,0.05651995167136192,
7,,61499,,0.03857243433594704,
7,,61549,,0.049270838499069214,
7,,61599,,0.04044076055288315,
7,,61649,,0.04336327686905861,
7,,61699,,0.06289469450712204,
7,,61749,,0.0522242896258831,
7,,61799,,0.04386238381266594,
7,,61849,,0.042777013033628464,
7,,61899,,0.03959377482533455,
7,,61949,,0.03946101292967796,
7,,61999,,0.048619531095027924,
7,,62049,,0.04631125181913376,
7,,62099,,0.045995138585567474,
7,,62149,,0.05616123601794243,
7,,62199,,0.046727098524570465,
7,,62249,,0.050570063292980194,
7,,62299,,0.04921790212392807,
7,,62349,,0.03588630631566048,
7,,62399,,0.03646421059966087,
7,,62449,,0.03826405107975006,
7,,62499,,0.03492599353194237,
7,,62549,,0.045592524111270905,
7,,62599,,0.035820621997117996,
7,,62649,,0.03404484689235687,
7,,62699,,0.04285185784101486,
7,,62749,,0.049654267728328705,
7,,62799,,0.04065881669521332,
7,,62849,,0.0391913540661335,
7,,62899,,0.07036274671554565,
7,,62949,,0.05039398744702339,
7,,62999,,0.050924114882946014,
7,,63049,,0.04524233192205429,
7,,63099,,0.04608132317662239,
7,,63149,,0.04138040915131569,
7,,63199,,0.04873877018690109,
7,,63249,,0.041540659964084625,
7,,63299,,0.03901907801628113,
7,,63349,,0.05061061307787895,
7,,63399,,0.04884108528494835,
7,,63449,,0.04340839758515358,
7,,63499,,0.0432659313082695,
7,,63549,,0.03786761313676834,
7,,63599,,0.0450625866651535,
7,,63649,,0.039193473756313324,
7,,63699,,0.04822271689772606,
7,,63749,,0.04418737441301346,
7,,63799,,0.05506676435470581,
7,,63849,,0.03803563490509987,
7,,63899,,0.051048826426267624,
7,,63949,,0.04416912421584129,
7,,63999,,0.056507278233766556,
7,,64049,,0.046293891966342926,
7,,64099,,0.039485178887844086,
7,,64149,,0.04729773476719856,
7,,64199,,0.04890051856637001,
7,,64249,,0.0410064198076725,
7,,64299,,0.04143303260207176,
7,,64349,,0.04806984215974808,
7,,64399,,0.04999982565641403,
7,,64449,,0.036516208201646805,
7,,64499,,0.03852608799934387,
7,,64549,,0.047071557492017746,
7,,64599,,0.03826785460114479,
7,,64649,,0.05023505538702011,
7,,64699,,0.048425693064928055,
7,,64749,,0.04407080262899399,
7,,64799,,0.039114367216825485,
7,,64849,,0.045351542532444,
7,,64899,,0.03908928483724594,
7,,64949,,0.04344892129302025,
7,,64999,,0.04135400801897049,
7,,65049,,0.03693287447094917,
7,,65099,,0.03913089260458946,
7,,65149,,0.04143405333161354,
7,,65199,,0.04372195526957512,
7,,65249,,0.04048394411802292,
7,,65299,,0.04775753989815712,
7,,65349,,0.040288038551807404,
7,,65399,,0.04388972744345665,
7,,65449,,0.04571433365345001,
7,,65499,,0.03901854157447815,
7,,65549,,0.03833192586898804,
7,,65599,,0.0487128384411335,
7,,65649,,0.043102484196424484,
7,,65699,,0.04504125565290451,
7,,65749,,0.05360156670212746,
7,,65799,,0.04593659192323685,
7,,65849,,0.043687134981155396,
7,,65899,,0.04392709583044052,
7,,65949,,0.040811941027641296,
7,,65999,,0.03976720944046974,
7,,66049,,0.03896615654230118,
7,,66099,,0.04576275125145912,
7,,66149,,0.03641917556524277,
7,,66199,,0.042006440460681915,
7,,66249,,0.040016233921051025,
7,,66299,,0.04783371090888977,
7,,66349,,0.04262269288301468,
7,,66399,,0.0413200668990612,
7,,66449,,0.0810927301645279,
7,,66499,,0.04323526844382286,
7,,66549,,0.035139050334692,
7,,66567,,,0.0701071247458458
7,0.0009999676840379834,66567,0.0443849191069603,,
8,,66599,,0.03824640437960625,
8,,66649,,0.046464953571558,
8,,66699,,0.04347992688417435,
8,,66749,,0.0515710674226284,
8,,66799,,0.038996629416942596,
8,,66849,,0.05185088515281677,
8,,66899,,0.04621110111474991,
8,,66949,,0.03998567909002304,
8,,66999,,0.043075982481241226,
8,,67049,,0.03756400942802429,
8,,67099,,0.057749465107917786,
8,,67149,,0.048320118337869644,
8,,67199,,0.035677939653396606,
8,,67249,,0.036266427487134933,
8,,67299,,0.05897555872797966,
8,,67349,,0.06218396872282028,
8,,67399,,0.062419723719358444,
8,,67449,,0.04767114669084549,
8,,67499,,0.04076103866100311,
8,,67549,,0.036039821803569794,
8,,67599,,0.03862803801894188,
8,,67649,,0.034664709120988846,
8,,67699,,0.070955291390419,
8,,67749,,0.05091387778520584,
8,,67799,,0.0412491038441658,
8,,67849,,0.04699625074863434,
8,,67899,,0.05245876684784889,
8,,67949,,0.03572903200984001,
8,,67999,,0.04677439481019974,
8,,68049,,0.0442316010594368,
8,,68099,,0.037080392241477966,
8,,68149,,0.04166683927178383,
8,,68199,,0.05043867602944374,
8,,68249,,0.062035176903009415,
8,,68299,,0.03844878077507019,
8,,68349,,0.042004093527793884,
8,,68399,,0.045247551053762436,
8,,68449,,0.040065448731184006,
8,,68499,,0.04231632500886917,
8,,68549,,0.037592507898807526,
8,,68599,,0.0405513159930706,
8,,68649,,0.034147195518016815,
8,,68699,,0.03998885303735733,
8,,68749,,0.06144314631819725,
8,,68799,,0.04331713169813156,
8,,68849,,0.04012424126267433,
8,,68899,,0.04820986092090607,
8,,68949,,0.048540160059928894,
8,,68999,,0.04497376084327698,
8,,69049,,0.0456024669110775,
8,,69099,,0.04868669435381889,
8,,69149,,0.05301300063729286,
8,,69199,,0.03956816717982292,
8,,69249,,0.045750319957733154,
8,,69299,,0.04473959654569626,
8,,69349,,0.03866230696439743,
8,,69399,,0.04055216163396835,
8,,69449,,0.03752928599715233,
8,,69499,,0.04364261031150818,
8,,69549,,0.04235800355672836,
8,,69599,,0.045747093856334686,
8,,69649,,0.03882249817252159,
8,,69699,,0.03768206387758255,
8,,69749,,0.0402829609811306,
8,,69799,,0.04224465414881706,
8,,69849,,0.04671315476298332,
8,,69899,,0.037879522889852524,
8,,69949,,0.03931305557489395,
8,,69999,,0.045043762773275375,
8,,70049,,0.04062268137931824,
8,,70099,,0.0371096134185791,
8,,70149,,0.03994278609752655,
8,,70199,,0.05991744250059128,
8,,70249,,0.04375927522778511,
8,,70299,,0.04680376127362251,
8,,70349,,0.03922143206000328,
8,,70399,,0.04215922951698303,
8,,70449,,0.045262571424245834,
8,,70499,,0.04331924766302109,
8,,70549,,0.04114624485373497,
8,,70599,,0.03905538469552994,
8,,70649,,0.042702075093984604,
8,,70699,,0.03711049631237984,
8,,70749,,0.04581059142947197,
8,,70799,,0.049450334161520004,
8,,70849,,0.04660578444600105,
8,,70899,,0.042718980461359024,
8,,70949,,0.04451125115156174,
8,,70999,,0.05037875846028328,
8,,71049,,0.037493158131837845,
8,,71099,,0.15044133365154266,
8,,71149,,0.040245067328214645,
8,,71199,,0.0484841912984848,
8,,71249,,0.04946637153625488,
8,,71299,,0.045103177428245544,
8,,71349,,0.03773920238018036,
8,,71399,,0.04669087007641792,
8,,71449,,0.032606687396764755,
8,,71499,,0.044337283819913864,
8,,71549,,0.041170042008161545,
8,,71599,,0.044800419360399246,
8,,71649,,0.04115184396505356,
8,,71699,,0.0416884645819664,
8,,71749,,0.03816641867160797,
8,,71799,,0.041121382266283035,
8,,71849,,0.048481233417987823,
8,,71899,,0.033832792192697525,
8,,71949,,0.05026819184422493,
8,,71999,,0.03612803667783737,
8,,72049,,0.03590024262666702,
8,,72099,,0.05143525451421738,
8,,72149,,0.045711636543273926,
8,,72199,,0.042833924293518066,
8,,72249,,0.04118064045906067,
8,,72299,,0.0451311357319355,
8,,72349,,0.04886147752404213,
8,,72399,,0.04020961374044418,
8,,72449,,0.04018288105726242,
8,,72499,,0.04279343783855438,
8,,72549,,0.05138906463980675,
8,,72599,,0.04893161728978157,
8,,72649,,0.050285015255212784,
8,,72699,,0.07701356709003448,
8,,72749,,0.044254936277866364,
8,,72799,,0.03992230445146561,
8,,72849,,0.04646686464548111,
8,,72899,,0.034652791917324066,
8,,72949,,0.03902174159884453,
8,,72999,,0.06118893623352051,
8,,73049,,0.03722432255744934,
8,,73099,,0.0401063933968544,
8,,73149,,0.04260403662919998,
8,,73199,,0.04139970615506172,
8,,73249,,0.053520821034908295,
8,,73299,,0.04310421273112297,
8,,73349,,0.04624732956290245,
8,,73399,,0.046351358294487,
8,,73449,,0.04165404289960861,
8,,73499,,0.05615365877747536,
8,,73549,,0.03768773004412651,
8,,73599,,0.04567534849047661,
8,,73649,,0.03402898833155632,
8,,73699,,0.03572887182235718,
8,,73749,,0.039881907403469086,
8,,73799,,0.03885982558131218,
8,,73849,,0.035338371992111206,
8,,73899,,0.04328001290559769,
8,,73949,,0.04061559960246086,
8,,73999,,0.0537610687315464,
8,,74049,,0.03583616763353348,
8,,74099,,0.03504542261362076,
8,,74149,,0.04430220276117325,
8,,74199,,0.04893077164888382,
8,,74249,,0.04234665632247925,
8,,74299,,0.04214019328355789,
8,,74349,,0.039524100720882416,
8,,74399,,0.04219694063067436,
8,,74449,,0.04415006935596466,
8,,74499,,0.04072031006217003,
8,,74549,,0.041758883744478226,
8,,74599,,0.04868977144360542,
8,,74649,,0.04914751648902893,
8,,74699,,0.039395906031131744,
8,,74749,,0.03215496242046356,
8,,74799,,0.037060096859931946,
8,,74849,,0.04449550434947014,
8,,74888,,,0.05891088396310806
8,0.0009999676840379834,74888,0.044156063348054886,,
9,,74899,,0.039180122315883636,
9,,74949,,0.04855936020612717,
9,,74999,,0.08207165449857712,
9,,75049,,0.03562729433178902,
9,,75099,,0.05041487514972687,
9,,75149,,0.04456089437007904,
9,,75199,,0.0380832776427269,
9,,75249,,0.045980487018823624,
9,,75299,,0.048077456653118134,
9,,75349,,0.04658408835530281,
9,,75399,,0.04505869001150131,
9,,75449,,0.04518492892384529,
9,,75499,,0.032057177275419235,
9,,75549,,0.0423254519701004,
9,,75599,,0.045227717608213425,
9,,75649,,0.03774270787835121,
9,,75699,,0.04817720875144005,
9,,75749,,0.03845590725541115,
9,,75799,,0.0439409501850605,
9,,75849,,0.04312378913164139,
9,,75899,,0.039108313620090485,
9,,75949,,0.03745890036225319,
9,,75999,,0.04746618494391441,
9,,76049,,0.049090564250946045,
9,,76099,,0.04668799787759781,
9,,76149,,0.04038325697183609,
9,,76199,,0.049691516906023026,
9,,76249,,0.04212849587202072,
9,,76299,,0.03625933453440666,
9,,76349,,0.055027421563863754,
9,,76399,,0.046643368899822235,
9,,76449,,0.044697895646095276,
9,,76499,,0.05039333924651146,
9,,76549,,0.03675970062613487,
9,,76599,,0.031599294394254684,
9,,76649,,0.037369243800640106,
9,,76699,,0.03674548491835594,
9,,76749,,0.03936767578125,
9,,76799,,0.043736837804317474,
9,,76849,,0.04244090989232063,
9,,76899,,0.04136553779244423,
9,,76949,,0.041457172483205795,
9,,76999,,0.034158024936914444,
9,,77049,,0.056960128247737885,
9,,77099,,0.0413723886013031,
9,,77149,,0.042186904698610306,
9,,77199,,0.039927221834659576,
9,,77249,,0.05296003073453903,
9,,77299,,0.04729112237691879,
9,,77349,,0.050889577716588974,
9,,77399,,0.033850137144327164,
9,,77449,,0.04273376986384392,
